RowNumber,CustomerId,Surname,CreditScore,Geography,Gender,Age,Tenure,Balance,NumOfProducts,HasCrCard,IsActiveMember,EstimatedSalary,Exited
1,15945405,Lewis,567,France,Male,58,0,13674.54,1,1,1,144022.31,0
2,15951000,Williams,571,Germany,Male,43,8,0.0,2,1,1,65399.77,0
3,15630085,Jones,628,Spain,Female,30,1,0.0,3,1,1,63760.04,0
4,15830429,Thomas,685,Spain,Female,44,8,107540.45,1,0,0,55274.68,1
5,15615278,King,737,France,Female,18,9,204248.69,2,0,0,176273.19,0
6,15674021,Hall,574,France,Female,39,1,0.0,3,1,1,174913.24,0
7,15665201,Davis,792,France,Female,42,8,21333.97,1,0,0,129884.38,1
8,15786656,Miller,624,Germany,Female,48,5,52345.54,2,1,1,99866.39,1
9,15602077,Harris,648,Spain,Male,29,10,239416.76,2,1,1,137701.75,0
10,15710103,Scott,579,Spain,Male,40,8,26897.29,2,1,0,125373.6,1
11,15956770,Smith,420,France,Male,30,5,0.0,1,1,0,88989.51,0
12,15764208,Young,734,Germany,Female,42,5,0.0,2,0,0,82129.86,1
13,15595614,Garcia,720,Germany,Female,30,10,128387.4,1,1,0,82730.92,1
14,15682639,Garcia,623,France,Male,35,1,0.0,2,1,1,121935.35,0
15,15617639,Harris,656,France,Female,29,7,0.0,1,1,0,133057.18,0
16,15792155,Anderson,699,France,Female,46,2,102105.39,2,0,0,95830.93,0
17,15833296,Green,502,France,Male,48,6,0.0,1,1,1,194051.38,1
18,15704583,Wilson,600,Spain,Female,37,4,48198.18,1,0,0,25930.69,0
19,15510960,Wilson,725,France,Female,39,2,0.0,2,1,1,75938.93,0
20,15986744,Harris,531,France,Male,25,0,110675.56,1,0,0,89624.19,0
21,15621789,Davis,678,Spain,Female,36,7,103766.45,2,0,0,13215.06,0
22,15821064,Miller,521,France,Male,38,2,169799.4,3,0,0,79341.87,1
23,15783531,Brown,694,France,Female,65,1,0.0,2,1,0,62004.88,0
24,15908540,Smith,647,France,Female,28,0,63057.17,1,1,1,106146.89,0
25,15563960,Martin,497,France,Female,54,3,185010.63,2,1,1,73918.0,0
26,15622994,Baker,761,Germany,Male,49,7,130069.72,2,1,0,147974.61,0
27,15964995,Allen,580,France,Female,42,2,0.0,2,1,0,106887.17,1
28,15794772,Martin,573,Spain,Female,57,0,50608.73,1,1,0,34654.82,1
29,15883413,Smith,669,Spain,Male,43,3,55006.53,1,1,0,152511.65,0
30,15706168,Clark,759,France,Female,43,8,12532.39,2,0,0,28853.49,0
31,15809596,Williams,553,Spain,Male,38,0,31942.3,1,1,1,169419.34,0
32,15803242,Walker,656,France,Female,51,10,0.0,1,1,1,186970.22,0
33,15963675,Jones,691,France,Male,50,1,224049.55,1,1,0,71264.61,0
34,15670307,Jones,716,Germany,Male,33,8,78919.54,2,1,1,185967.1,0
35,15849005,Brown,667,Germany,Male,26,1,88659.33,2,0,1,160671.55,0
36,15527949,Garcia,615,Germany,Female,37,2,37745.35,2,0,0,185262.77,1
37,15653893,Lewis,571,France,Male,31,6,103271.43,1,1,1,136591.33,0
38,15702684,Clark,658,France,Female,38,2,18933.21,1,0,1,54772.37,0
39,15915248,Harris,548,Spain,Male,51,8,0.0,3,0,0,179959.42,1
40,15835681,Young,372,France,Male,34,5,0.0,3,0,1,45010.36,0
41,15908519,Scott,691,France,Male,39,2,247779.71,2,1,0,50481.5,0
42,15878147,Wilson,736,France,Female,40,8,221877.56,2,0,0,61501.97,1
43,15713065,Johnson,426,France,Male,47,0,0.0,1,1,1,67806.8,0
44,15757798,Wilson,554,Germany,Female,18,9,0.0,2,1,0,107751.13,0
45,15905519,Smith,709,France,Female,33,2,0.0,1,1,0,145556.9,0
46,15550701,Scott,845,Spain,Female,41,0,120889.44,1,0,0,185979.55,1
47,15812655,Brown,652,France,Male,51,1,0.0,2,1,1,26803.14,0
48,15580664,Robinson,581,Spain,Male,34,7,22204.82,1,1,1,191330.18,0
49,15911496,Jones,633,Spain,Female,20,6,217253.63,1,1,1,185051.36,0
50,15539427,Scott,781,France,Male,45,1,91827.47,1,1,1,20259.87,0
51,15597180,Jones,589,Germany,Female,33,1,225883.06,1,1,0,78461.02,0
52,15603550,Lewis,574,Germany,Male,27,8,235811.18,2,0,0,164497.24,0
53,15900183,Adams,604,Germany,Female,33,5,0.0,1,1,1,126199.54,0
54,15899877,Wright,559,Germany,Female,37,4,169461.71,1,1,1,158027.85,0
55,15577952,Clark,662,Spain,Female,33,9,118661.04,1,0,0,146616.33,0
56,15566046,Hall,804,Germany,Male,18,5,210529.65,1,1,0,104386.32,0
57,15606918,Robinson,681,France,Female,48,8,0.0,1,1,1,17831.43,0
58,15797344,Jackson,626,France,Male,52,10,0.0,2,0,1,121010.96,0
59,15829586,Clark,622,France,Male,46,6,0.0,1,0,1,19227.66,1
60,15954887,Smith,501,France,Female,28,9,155630.29,2,0,0,124708.08,1
61,15591070,Davis,734,France,Female,37,9,213872.78,4,1,1,162078.06,0
62,15558168,Garcia,643,France,Female,39,8,0.0,2,0,1,121148.43,1
63,15810466,Baker,633,Germany,Female,45,3,202926.37,1,0,1,199434.14,1
64,15975200,Johnson,850,France,Male,46,1,0.0,1,0,1,96614.64,0
65,15930912,Thomas,678,France,Male,32,7,0.0,2,1,1,152277.22,0
66,15570246,Davis,579,Spain,Female,40,3,102147.28,2,1,1,136770.53,0
67,15669964,Garcia,609,France,Male,44,8,0.0,2,1,1,198372.02,0
68,15999357,King,759,Germany,Male,54,3,0.0,2,0,1,145511.61,1
69,15515583,Williams,661,France,Male,46,7,34599.12,2,1,1,41165.84,0
70,15844864,Scott,513,Germany,Male,47,8,138511.59,2,1,0,191548.36,1
71,15948431,Lee,737,Germany,Male,40,8,0.0,2,1,1,136877.67,0
72,15655925,Miller,587,France,Male,53,9,82706.84,1,1,1,21274.26,1
73,15899325,Lee,828,France,Male,43,3,188703.27,3,1,1,134937.98,0
74,15739285,Thomas,753,Germany,Male,30,0,241463.72,2,1,0,177792.69,0
75,15821901,Scott,608,Spain,Female,53,2,0.0,1,0,1,119637.95,1
76,15768803,Martinez,772,Spain,Male,46,8,0.0,2,1,0,77263.73,0
77,15763382,Martinez,656,Germany,Male,35,3,0.0,2,1,1,165972.83,0
78,15621270,Lee,731,France,Female,34,4,0.0,2,1,1,158677.28,0
79,15881355,Anderson,696,France,Male,42,6,171292.61,2,1,0,113394.61,0
80,15515064,Jones,570,France,Female,44,4,178517.62,1,1,1,39328.74,0
81,15662187,Green,589,Germany,Female,41,3,99214.48,3,0,0,57687.43,1
82,15663024,Walker,748,Spain,Male,42,1,0.0,2,0,0,150311.95,0
83,15636692,Walker,618,France,Male,56,1,178767.95,2,1,1,163155.61,1
84,15599790,Lewis,612,France,Female,50,3,0.0,1,1,0,63060.4,1
85,15865129,Hall,559,France,Female,41,9,161485.14,1,0,0,79917.16,0
86,15544258,Young,690,France,Male,48,9,49267.96,2,0,0,24750.06,0
87,15635542,Lee,846,Spain,Female,29,8,145744.85,1,1,0,145557.77,0
88,15915219,Martin,549,Spain,Male,43,7,130939.13,1,1,1,10679.73,0
89,15920787,Lewis,652,Germany,Female,57,2,0.0,2,1,1,18842.89,0
90,15786812,Clark,784,France,Male,37,8,97087.8,1,1,1,10825.37,0
91,15839403,Walker,642,France,Female,31,4,154261.88,1,1,0,132610.72,0
92,15612192,Brown,693,Spain,Female,32,10,213665.57,1,1,0,89303.55,0
93,15858720,Lewis,549,Germany,Female,28,2,223274.11,1,1,0,66533.88,0
94,15605481,Lewis,691,Spain,Male,31,4,126123.99,2,1,1,183413.19,0
95,15873649,Smith,632,Germany,Male,35,9,0.0,1,1,1,46632.53,1
96,15663118,Martin,744,France,Male,25,3,85949.1,1,1,1,83979.92,0
97,15702049,Garcia,763,Spain,Male,39,7,0.0,2,1,1,188659.24,0
98,15747600,Robinson,850,France,Male,48,4,56671.24,3,1,1,91150.25,0
99,15970471,Baker,705,France,Female,30,9,144867.55,2,0,1,115391.8,0
100,15505397,Harris,681,France,Male,54,7,0.0,1,0,1,25264.0,1
101,15862069,King,668,France,Male,44,8,30249.02,1,0,0,160131.61,0
102,15583481,Robinson,616,Spain,Female,49,3,0.0,2,0,0,90324.17,0
103,15653305,Martinez,682,France,Female,32,6,179860.77,1,0,1,162097.87,0
104,15976552,Wright,622,Spain,Female,48,1,96398.18,2,1,1,58221.55,1
105,15822452,Johnson,666,Germany,Female,28,5,28413.62,1,1,1,90270.96,0
106,15700798,Miller,775,France,Male,48,7,112311.45,1,1,0,159444.3,1
107,15956435,White,554,France,Male,41,6,116160.51,2,0,0,195036.78,0
108,15996574,Garcia,758,Germany,Female,45,6,170481.01,2,1,1,21328.85,0
109,15501130,Miller,775,France,Female,27,7,85699.93,2,1,1,164366.67,0
110,15624293,Lewis,639,France,Male,30,6,173823.83,1,1,0,67130.92,0
111,15514071,Lee,448,France,Female,45,4,0.0,1,1,1,114641.22,1
112,15847661,Jones,592,France,Male,30,6,0.0,2,0,0,65117.53,0
113,15872384,Davis,773,Germany,Male,44,9,0.0,2,0,0,126554.64,1
114,15502118,Smith,648,Germany,Male,25,2,0.0,1,1,1,77222.54,0
115,15631735,White,555,Spain,Female,47,4,74142.08,1,0,1,73386.83,0
116,15562408,Robinson,602,Germany,Female,27,6,111162.68,1,1,0,17208.28,1
117,15551786,Lee,730,Germany,Male,45,8,32655.39,4,1,0,37922.48,1
118,15581271,Smith,702,France,Female,45,1,40169.42,2,0,1,184244.86,0
119,15519158,White,627,Germany,Male,32,3,0.0,2,0,0,199672.71,1
120,15793231,Thomas,615,Spain,Male,45,6,0.0,1,1,1,158298.91,0
121,15588114,King,613,Germany,Female,42,0,226074.94,3,1,1,64494.4,0
122,15684193,Davis,562,Germany,Female,34,1,169556.32,1,1,0,86464.58,0
123,15519874,Clark,803,France,Female,29,8,35252.69,2,0,1,150505.66,0
124,15739139,Williams,619,France,Female,19,9,171284.74,2,0,1,194017.58,0
125,15845587,Young,766,France,Female,42,6,162502.7,1,0,0,96539.52,0
126,15540821,Allen,795,France,Female,23,9,203383.34,1,0,0,167609.26,0
127,15615675,Smith,745,Germany,Male,40,6,208059.68,1,1,0,195263.1,0
128,15822726,Wilson,609,Germany,Male,36,5,218368.74,1,0,1,175959.9,1
129,15622603,Garcia,688,France,Male,46,2,0.0,2,1,1,53158.45,0
130,15916003,White,648,Spain,Male,36,9,177487.45,2,1,0,11526.05,0
131,15957919,Harris,564,France,Female,36,2,74380.09,2,0,0,103495.52,0
132,15914921,Jones,681,France,Male,46,1,249840.71,2,1,0,110958.56,0
133,15569381,Young,538,France,Male,42,10,0.0,2,1,1,48237.57,0
134,15873944,Hall,763,France,Male,42,5,12427.46,1,1,0,64088.13,0
135,15997821,Lee,606,Germany,Female,44,3,45714.09,1,1,1,155379.1,0
136,15892949,Walker,669,France,Male,24,4,0.0,3,1,0,99365.98,0
137,15675725,King,677,Spain,Female,47,2,117228.08,1,1,1,70297.28,1
138,15844162,Hall,625,Spain,Male,45,5,0.0,2,1,1,128298.95,1
139,15862736,Scott,706,France,Male,29,10,0.0,1,1,1,134024.35,0
140,15853770,Miller,605,Germany,Female,37,2,0.0,2,1,0,156185.2,0
141,15586217,King,733,Germany,Female,39,7,0.0,2,1,1,39774.77,0
142,15754585,Lee,522,France,Male,38,8,60173.95,1,1,0,150888.28,1
143,15925468,King,662,France,Female,42,3,0.0,1,1,0,123891.39,0
144,15966548,Miller,834,France,Female,53,8,0.0,2,1,1,20938.65,1
145,15834943,Lewis,555,France,Male,50,6,0.0,1,0,1,157714.67,1
146,15824329,Wilson,586,France,Female,26,2,0.0,1,1,0,82785.25,0
147,15971529,White,699,Spain,Female,45,6,0.0,2,1,0,72772.38,0
148,15803682,Martinez,667,Spain,Female,52,0,202192.65,1,1,1,95134.28,1
149,15782487,Walker,683,France,Female,43,2,0.0,2,1,1,75773.26,0
150,15998905,Baker,696,France,Female,50,5,130843.24,2,1,0,74274.26,1
151,15711470,Brown,710,Germany,Female,59,3,24426.05,1,1,1,163534.76,1
152,15934448,Garcia,755,France,Female,49,6,0.0,2,0,0,33656.0,1
153,15620026,Scott,689,France,Female,41,2,157708.34,2,1,1,194414.01,0
154,15734257,Jones,627,France,Female,49,0,0.0,1,1,1,115437.01,1
155,15553106,Williams,714,Germany,Female,40,8,0.0,1,1,0,44755.56,0
156,15876466,Brown,830,France,Female,39,5,0.0,1,1,1,34930.94,0
157,15581227,Walker,637,Spain,Male,35,7,0.0,1,1,1,122386.81,0
158,15946295,Jones,557,Germany,Female,55,2,182344.42,1,0,1,130269.89,1
159,15656100,Harris,755,France,Female,31,7,149548.95,1,0,1,20074.9,0
160,15542135,Martin,639,Spain,Male,54,1,0.0,1,1,1,56170.36,0
161,15662138,Clark,444,France,Female,44,3,22887.3,2,0,0,161137.77,0
162,15619599,Garcia,731,Spain,Male,25,2,0.0,2,1,0,19428.68,0
163,15729789,Miller,599,Spain,Male,43,9,51681.19,2,1,0,172466.85,1
164,15583470,King,641,Spain,Female,18,0,0.0,2,1,1,135050.87,0
165,15783054,Anderson,682,France,Male,45,6,0.0,2,0,1,92540.42,1
166,15744090,Lee,668,Germany,Female,48,10,0.0,2,1,1,75822.24,0
167,15638213,Adams,717,France,Female,33,9,0.0,2,1,0,13657.3,0
168,15545950,Walker,609,France,Male,40,1,132005.32,1,1,1,166790.84,0
169,15686795,Thompson,699,France,Male,59,3,248039.63,2,1,1,37117.15,0
170,15778369,Garcia,625,Spain,Male,34,8,0.0,1,0,1,68812.98,0
171,15993466,Harris,720,Spain,Female,28,5,209966.0,1,1,0,118130.33,0
172,15980339,Clark,708,France,Female,54,7,112429.69,2,1,0,56738.59,1
173,15795103,Jackson,561,Spain,Female,59,1,165696.43,1,1,1,104456.69,0
174,15811336,Taylor,753,France,Male,39,6,0.0,1,1,1,163775.14,0
175,15579711,Martin,599,Spain,Female,49,5,162100.98,2,1,0,99402.21,0
176,15641123,Jackson,727,France,Male,52,8,43721.75,2,0,1,190305.7,0
177,15702500,Harris,685,Spain,Female,32,6,116308.24,2,0,0,171025.12,0
178,15755284,Young,825,France,Male,34,0,144745.21,2,1,1,73277.45,0
179,15765593,Lee,629,Germany,Female,51,7,0.0,1,1,1,85992.8,0
180,15934311,Martinez,617,France,Male,56,10,0.0,1,0,0,90432.08,1
181,15866357,Clark,648,France,Female,45,9,230499.35,2,1,1,128974.1,0
182,15971145,Miller,621,France,Male,30,2,115689.81,1,1,0,64491.19,0
183,15660262,Brown,726,Germany,Female,59,1,0.0,2,1,0,194157.34,0
184,15600245,Baker,496,Germany,Female,34,2,201108.56,1,1,1,125650.0,0
185,15597069,Young,550,France,Male,36,10,149936.24,1,1,0,85886.32,0
186,15657213,Walker,549,Spain,Female,42,5,240452.34,2,1,0,132551.86,1
187,15733597,Jackson,740,Germany,Female,55,2,168480.6,2,1,0,85126.95,0
188,15523908,White,813,Spain,Male,48,9,135450.27,2,1,0,165381.18,0
189,15866991,Robinson,640,Spain,Male,43,4,0.0,1,1,0,117889.78,0
190,15883054,Lee,634,France,Female,44,5,109295.9,1,0,0,17974.4,0
191,15754340,White,657,France,Male,39,7,0.0,1,0,1,43583.8,0
192,15925538,Baker,760,Germany,Female,45,6,0.0,1,1,0,174348.85,1
193,15943926,Adams,562,Germany,Male,18,10,0.0,1,1,1,116950.97,0
194,15776156,Jackson,673,Spain,Female,36,7,0.0,1,1,0,190565.26,1
195,15928105,Clark,743,France,Male,41,2,0.0,2,1,0,23760.24,0
196,15517412,Williams,698,France,Female,27,3,0.0,1,1,0,66099.52,0
197,15989366,Wright,668,Spain,Female,43,5,84641.68,2,1,1,46773.24,1
198,15872174,Williams,745,Germany,Female,37,10,0.0,2,1,1,115229.66,0
199,15786801,Harris,393,Germany,Female,57,6,195982.83,1,1,1,82730.64,1
200,15767800,Martinez,714,Germany,Male,55,8,0.0,1,0,0,39881.97,1
201,15640039,King,588,Spain,Female,34,0,201360.83,1,1,1,132122.86,0
202,15978174,Robinson,476,France,Male,37,7,74660.29,2,1,0,111896.69,1
203,15908980,Scott,699,France,Male,38,7,0.0,1,1,0,62199.89,0
204,15778017,Wright,780,Germany,Male,34,5,42952.81,1,1,1,101156.56,0
205,15594485,Green,637,Spain,Male,41,3,90722.97,2,1,0,151690.28,0
206,15871527,Anderson,741,France,Female,31,2,150819.55,1,1,1,49001.62,0
207,15944246,Garcia,803,France,Female,28,10,34697.22,2,1,0,65652.09,1
208,15698879,Martin,775,Spain,Male,45,2,185231.25,2,0,1,75761.09,0
209,15501607,Robinson,806,France,Male,45,5,102939.05,2,1,1,151878.02,0
210,15650595,Taylor,721,France,Female,31,7,198257.36,1,0,1,170915.29,0
211,15548447,Brown,657,Spain,Male,48,6,0.0,2,1,0,81513.81,0
212,15549757,Martin,498,Spain,Male,33,10,53409.89,2,0,0,66357.96,0
213,15760114,Robinson,627,Spain,Male,42,0,186342.83,1,1,1,178994.88,0
214,15750495,Thompson,570,France,Female,47,10,70514.55,1,0,0,199879.34,0
215,15724598,Wilson,850,Spain,Female,39,5,0.0,1,0,1,137367.19,0
216,15831345,Garcia,633,France,Male,44,6,28127.98,2,1,1,198096.32,0
217,15890909,Lewis,662,France,Male,34,6,158288.0,2,1,0,135393.59,0
218,15712916,Smith,702,Spain,Female,37,8,0.0,2,0,1,149357.45,0
219,15964604,Davis,654,Spain,Female,37,10,100881.81,2,1,1,83844.64,0
220,15767606,Lewis,811,Germany,Male,32,10,239061.47,1,1,0,92263.83,1
221,15878976,Baker,591,Spain,Female,37,9,219800.54,1,1,0,37385.78,0
222,15662867,Martinez,668,Spain,Male,24,4,179905.82,2,0,0,166322.5,1
223,15700878,Jackson,579,France,Male,34,0,0.0,2,1,0,186901.22,1
224,15810609,Thompson,525,France,Female,36,1,70576.41,1,0,1,128453.25,0
225,15954325,Green,592,France,Male,36,3,167635.66,2,1,0,75292.99,0
226,15590027,Smith,646,France,Female,37,4,0.0,3,0,1,39263.1,0
227,15550528,King,609,Germany,Male,38,8,0.0,2,1,0,60379.68,0
228,15798374,Martin,584,France,Male,44,10,249872.29,2,0,1,58527.98,0
229,15548242,Davis,516,Germany,Female,48,0,0.0,2,1,1,126570.3,0
230,15959099,Wright,642,Spain,Male,33,2,0.0,1,1,0,189557.12,0
231,15614688,Garcia,507,Germany,Female,27,4,79159.49,2,0,0,19171.66,1
232,15991582,Williams,722,Spain,Male,29,2,0.0,1,0,1,10194.24,0
233,15501783,Thomas,658,Spain,Male,34,3,21902.44,2,1,1,124034.57,0
234,15528390,Baker,512,France,Male,35,2,0.0,1,1,0,63971.49,0
235,15639489,Miller,621,France,Female,31,3,17885.61,2,1,0,177304.19,0
236,15572102,Baker,579,Spain,Male,26,0,129800.76,1,1,0,72177.56,0
237,15779570,Miller,680,France,Female,34,7,0.0,1,1,0,65050.14,0
238,15530750,Martin,777,France,Male,41,3,24995.14,1,1,1,61207.02,0
239,15558188,Davis,472,Spain,Female,45,6,0.0,3,0,1,37522.04,1
240,15773016,Thomas,661,France,Male,33,1,65294.82,3,1,0,120490.79,0
241,15594231,Green,635,Germany,Female,35,1,174448.35,1,0,1,41960.58,0
242,15892004,King,714,Germany,Female,30,5,245655.31,4,1,0,90679.92,1
243,15679158,Garcia,670,Germany,Female,39,1,175865.41,2,1,1,97584.69,0
244,15566770,Walker,579,France,Female,31,5,0.0,2,1,0,13893.49,0
245,15731360,Martinez,620,France,Female,45,10,237567.64,1,1,0,13193.38,1
246,15725440,Lee,574,Germany,Female,21,1,0.0,2,1,0,108840.41,0
247,15886302,Scott,752,France,Male,35,3,0.0,2,1,0,142246.6,0
248,15845658,Hall,652,Germany,Male,42,6,214472.62,2,0,1,189007.07,0
249,15719249,Scott,831,Germany,Female,41,7,0.0,2,1,1,44032.66,0
250,15592663,Lewis,644,Germany,Female,66,2,72735.36,2,1,0,29619.17,1
251,15665792,Young,583,France,Female,42,8,0.0,2,1,1,19896.7,0
252,15649151,Robinson,506,France,Male,29,1,184312.84,1,0,0,92847.9,0
253,15910554,King,479,Germany,Male,38,7,0.0,1,0,1,128398.0,0
254,15634363,Wilson,500,France,Male,21,7,0.0,1,0,0,169705.14,1
255,15705156,Hall,675,France,Female,38,3,201148.42,1,0,0,139702.53,0
256,15612808,Clark,698,Spain,Male,31,0,141295.12,2,1,0,49588.55,0
257,15610091,Wilson,500,Germany,Male,48,0,165988.5,2,1,1,97736.37,1
258,15861416,Lewis,735,Spain,Male,34,1,0.0,2,1,1,182965.81,0
259,15549393,Scott,604,Spain,Male,38,8,0.0,1,1,0,72080.8,0
260,15593558,Thomas,664,France,Female,33,1,139619.04,2,1,0,104758.77,0
261,15569770,Lewis,803,Spain,Male,56,1,189907.43,1,0,0,192127.41,0
262,15788864,Williams,735,Germany,Female,36,5,0.0,1,1,1,149594.52,1
263,15999858,Baker,624,France,Male,57,6,161169.38,1,1,1,152070.67,0
264,15998869,Walker,565,Spain,Male,47,6,96349.46,2,0,0,57943.46,1
265,15775512,King,446,Germany,Male,44,8,107394.9,1,1,0,88792.64,1
266,15685385,Harris,582,Spain,Male,43,5,242905.25,2,1,1,25645.01,0
267,15810113,King,630,Spain,Male,43,7,36972.62,1,0,0,125239.91,0
268,15548838,Taylor,556,Spain,Male,20,10,0.0,2,0,0,29708.73,0
269,15508734,Allen,638,France,Female,36,5,0.0,2,1,0,168822.82,0
270,15607187,Smith,657,France,Male,47,1,210815.12,3,0,0,164765.22,1
271,15599329,Smith,629,Germany,Female,39,0,49282.16,2,1,1,111384.97,0
272,15905413,Young,588,Germany,Female,25,4,76469.11,2,0,1,36821.55,0
273,15831039,Wright,666,Germany,Female,38,8,25791.57,2,1,0,14860.01,0
274,15734633,Jackson,692,Germany,Male,56,7,179436.46,2,1,1,161374.65,0
275,15620424,Thomas,546,Spain,Male,51,3,67170.26,1,1,0,124026.69,0
276,15950047,Baker,784,Spain,Male,38,4,0.0,1,1,1,145076.63,0
277,15863399,Lewis,641,Germany,Male,49,4,0.0,1,0,1,67723.35,1
278,15820217,Smith,652,Spain,Female,35,5,223915.34,2,1,1,106801.72,0
279,15703997,Clark,717,Spain,Male,22,2,108719.27,2,1,0,151963.09,0
280,15744042,Jackson,672,Germany,Male,30,4,0.0,2,0,0,97887.03,1
281,15711560,Garcia,741,Germany,Female,55,1,135835.59,3,0,0,124263.0,1
282,15725683,Martin,677,France,Female,36,9,241109.92,1,1,1,160048.37,0
283,15715547,Johnson,592,France,Female,37,0,155844.55,2,1,0,50891.92,0
284,15743603,Martinez,684,France,Male,36,10,0.0,3,1,1,22526.49,0
285,15681374,Thompson,541,Spain,Male,58,0,211865.75,1,1,1,111046.47,0
286,15777768,Brown,660,France,Male,55,9,0.0,2,1,1,21803.9,0
287,15698343,Wilson,647,France,Male,61,6,168015.9,1,1,1,155645.89,0
288,15786459,Johnson,630,Spain,Male,37,1,0.0,2,1,0,146650.18,1
289,15779566,Harris,638,France,Male,42,3,144308.05,1,0,0,177525.41,0
290,15670209,Allen,471,Spain,Male,24,4,0.0,2,1,0,131516.8,0
291,15572663,Martin,598,France,Male,54,6,93728.9,2,1,1,22767.54,0
292,15601216,Wright,659,France,Male,27,1,231560.49,1,1,0,58098.9,0
293,15941448,Taylor,665,Germany,Female,41,5,0.0,1,1,1,163507.05,1
294,15750600,Johnson,552,France,Female,28,0,219786.19,1,1,0,41755.16,0
295,15756492,Garcia,770,France,Female,33,6,0.0,3,1,0,142711.29,0
296,15971358,Young,568,Spain,Male,31,8,0.0,2,0,1,158249.27,0
297,15794887,Baker,742,Germany,Male,33,4,215122.01,1,0,0,72721.24,1
298,15992762,Anderson,691,France,Male,34,4,0.0,1,1,0,71236.52,0
299,15908852,Taylor,589,Spain,Female,34,3,189336.67,2,1,1,115982.51,0
300,15984100,Baker,819,France,Female,47,2,60260.24,2,0,0,173644.4,0
301,15510108,Johnson,537,France,Male,28,8,138900.03,2,1,0,52542.18,0
302,15704706,Hall,737,Spain,Female,41,4,0.0,1,0,0,188839.06,0
303,15536180,Green,745,Spain,Male,51,7,160555.39,2,1,1,123832.55,0
304,15781027,Robinson,586,Spain,Male,34,8,123207.7,2,1,1,198504.03,0
305,15544400,Garcia,782,Spain,Female,32,4,0.0,3,1,1,27026.61,0
306,15677071,Thomas,626,Germany,Female,37,9,172277.76,2,0,0,34046.81,0
307,15547951,Garcia,677,Spain,Female,51,8,0.0,2,1,0,167061.94,0
308,15900376,Anderson,675,France,Female,41,1,185144.92,2,1,0,174303.62,0
309,15817406,Martinez,637,Germany,Male,34,8,0.0,1,1,1,94637.15,0
310,15913145,Walker,727,France,Female,44,10,29204.38,2,1,0,145673.52,0
311,15845277,Wright,725,France,Male,28,3,96271.51,1,1,0,174835.88,0
312,15642195,Miller,484,France,Female,46,5,0.0,1,1,1,18194.28,0
313,15877250,Thompson,774,France,Male,43,5,0.0,1,0,1,119050.58,1
314,15659429,Wright,492,Germany,Female,36,5,37721.41,2,1,0,172161.33,1
315,15832640,King,748,Germany,Male,31,1,88265.45,1,1,0,85649.44,0
316,15664628,Martinez,757,Spain,Female,30,6,0.0,1,1,0,67452.89,0
317,15977007,Clark,546,France,Male,44,5,0.0,1,0,0,161184.27,1
318,15824078,Martinez,611,France,Female,51,10,218311.99,1,0,1,73799.45,0
319,15841030,Smith,545,France,Male,33,0,129923.98,1,0,1,10603.12,0
320,15530881,Wright,630,France,Male,44,1,24722.53,2,1,1,192318.79,0
321,15780553,Williams,621,Spain,Male,18,6,181494.96,2,1,0,122503.41,0
322,15948632,Martin,724,Spain,Male,33,0,0.0,1,1,0,165708.4,0
323,15598171,Clark,774,Spain,Female,39,0,242933.12,2,1,0,166807.3,0
324,15961198,Anderson,783,France,Male,30,0,144148.78,2,0,0,22617.98,1
325,15753189,Lewis,597,Germany,Female,30,7,0.0,1,1,1,42463.44,1
326,15923873,Jones,630,Spain,Male,32,3,134565.21,2,1,0,69112.93,0
327,15717815,Martin,490,Spain,Male,42,3,245023.19,3,1,0,70932.86,1
328,15811095,Walker,573,Spain,Female,37,1,0.0,1,1,0,135169.36,0
329,15770896,Harris,742,France,Female,18,10,171274.27,1,1,0,128395.25,1
330,15617339,Martin,803,France,Male,18,10,0.0,2,1,0,103972.06,0
331,15906656,Anderson,533,France,Female,33,10,188464.6,2,0,1,50140.11,0
332,15544864,Hall,594,Germany,Female,44,0,190065.24,1,1,0,82576.86,1
333,15680763,Taylor,647,France,Male,18,9,0.0,2,1,1,113282.85,0
334,15572035,Jackson,677,France,Female,34,8,126091.32,2,1,0,98917.22,0
335,15586675,Davis,573,France,Female,34,6,80704.8,2,0,0,34185.58,0
336,15973519,Jones,690,France,Female,53,3,72089.22,2,0,1,133406.99,0
337,15784487,Allen,605,Germany,Male,35,5,16215.06,1,1,0,23879.84,0
338,15724320,Hall,649,Spain,Female,43,1,78450.82,2,1,1,81856.99,0
339,15519673,Anderson,702,France,Male,40,6,142952.79,2,1,0,144905.58,0
340,15691026,Allen,651,France,Male,18,1,10384.29,1,0,1,13804.47,0
341,15685770,Young,609,France,Male,47,9,77972.58,2,0,1,118296.74,0
342,15857168,Adams,640,France,Male,41,7,0.0,2,1,1,73558.99,0
343,15526520,Wilson,642,France,Female,44,7,152475.66,1,1,1,11678.05,0
344,15745195,Lee,615,France,Female,75,0,155887.08,2,1,1,46172.82,1
345,15777928,Clark,625,France,Female,18,7,106807.43,1,1,0,188779.78,1
346,15879590,Allen,802,Spain,Male,56,1,172353.31,1,1,1,109018.29,1
347,15538079,Thompson,703,Spain,Male,36,5,55583.86,1,0,1,199473.17,1
348,15544220,Jackson,622,France,Male,42,0,206499.23,1,0,0,109715.18,1
349,15651563,Taylor,716,France,Female,39,4,0.0,2,1,0,113347.92,0
350,15612878,Anderson,618,Spain,Male,35,10,0.0,1,1,1,84450.17,0
351,15616583,Thompson,761,Spain,Female,33,6,91875.84,2,0,1,68907.68,0
352,15548720,Anderson,685,Germany,Female,42,9,0.0,1,1,0,57793.66,0
353,15731876,Taylor,640,Spain,Male,24,0,0.0,3,1,1,75249.92,0
354,15514718,Green,693,France,Female,47,1,0.0,2,0,0,97371.71,0
355,15928813,Young,501,France,Male,35,6,50661.38,2,0,0,46478.47,1
356,15823361,Williams,543,Spain,Female,28,5,162837.15,1,0,1,52726.27,1
357,15991567,King,537,France,Female,34,2,243944.76,1,1,0,61593.51,0
358,15862812,Wright,664,Spain,Male,52,9,208144.82,1,0,1,95359.38,1
359,15657904,Baker,815,Germany,Male,34,1,0.0,2,1,0,134034.54,0
360,15948034,Robinson,850,Spain,Female,43,9,100295.05,1,1,0,172667.77,0
361,15728470,Thomas,711,France,Female,32,3,232139.92,2,0,0,64555.05,1
362,15906080,Miller,698,Spain,Male,47,2,130730.5,2,0,1,44908.38,0
363,15588378,Miller,479,France,Female,46,6,0.0,1,0,0,81981.02,0
364,15508177,Martin,598,Spain,Female,57,7,0.0,2,1,0,179932.78,1
365,15677187,Scott,575,Germany,Female,37,1,0.0,2,0,0,11873.54,1
366,15884462,Martin,591,France,Male,46,9,130436.89,2,0,0,138795.04,0
367,15737307,White,634,Germany,Female,40,6,115035.11,1,1,0,100660.41,0
368,15949426,Lee,605,Germany,Female,52,7,91526.23,1,0,0,40598.78,1
369,15945170,Jones,462,France,Male,32,5,182564.67,1,1,1,70994.09,0
370,15611145,Harris,721,France,Male,46,5,78876.83,2,1,0,52740.51,0
371,15905060,Lewis,548,France,Female,37,9,69973.03,2,1,1,176788.11,0
372,15705202,Johnson,673,France,Male,38,0,0.0,1,1,1,101555.94,0
373,15513418,Green,847,France,Female,40,3,52531.61,2,0,0,116987.91,0
374,15665926,Walker,563,Spain,Male,42,0,176828.76,1,1,0,122800.65,1
375,15981860,Jackson,410,France,Male,38,3,0.0,2,1,1,131527.25,0
376,15969171,Clark,623,France,Female,41,1,125890.85,4,1,1,104155.58,0
377,15588075,Harris,755,Germany,Male,55,10,103678.19,2,0,0,13395.97,0
378,15937166,Robinson,836,France,Male,49,4,228175.01,2,1,1,73597.31,0
379,15827371,Hall,533,Germany,Male,48,9,16989.71,1,0,0,44935.92,1
380,15906051,Clark,697,France,Female,34,8,194585.86,1,1,0,139227.14,0
381,15779677,Martin,606,France,Male,30,10,226458.3,2,1,0,20773.88,1
382,15988267,King,640,Spain,Male,49,9,0.0,1,0,1,117122.64,0
383,15863601,Clark,850,Spain,Female,48,2,0.0,1,1,1,50020.03,0
384,15869648,Hall,507,Germany,Male,54,7,0.0,2,1,1,190280.71,1
385,15718930,Garcia,674,Spain,Female,33,2,60946.6,1,1,0,73752.78,1
386,15903439,Allen,694,Germany,Male,37,5,0.0,2,1,1,71792.03,0
387,15624202,Harris,753,France,Female,23,3,0.0,2,1,0,185443.09,0
388,15510273,Adams,659,France,Male,35,7,0.0,2,1,1,89296.1,0
389,15533519,Walker,679,Germany,Female,49,10,206462.38,2,0,0,192943.84,0
390,15655232,Baker,613,Germany,Male,34,5,225904.14,2,1,0,14592.37,1
391,15889168,Wright,676,Germany,Male,45,7,197663.82,2,0,0,68205.47,1
392,15967601,Martinez,617,France,Male,37,0,56886.15,2,1,1,136576.66,0
393,15886684,King,709,France,Male,42,5,30819.67,1,1,0,179262.82,0
394,15984408,Adams,615,Germany,Male,28,0,155306.68,2,1,0,58717.06,0
395,15680060,Wright,686,France,Male,40,0,23702.74,2,1,0,186790.74,0
396,15903564,Lee,647,Germany,Female,18,7,171478.21,1,1,1,122883.08,0
397,15583460,Hall,757,Germany,Male,37,6,0.0,1,1,1,162191.57,0
398,15748792,King,645,France,Male,23,2,169068.58,2,1,1,85469.39,0
399,15604471,Jones,482,Germany,Female,51,5,0.0,1,1,0,50314.27,1
400,15604668,Lee,770,Germany,Female,47,8,111448.62,2,1,0,183134.73,1
401,15829663,Jackson,564,France,Male,44,6,58210.52,3,1,1,187295.81,0
402,15852570,Anderson,588,Germany,Male,54,2,0.0,1,0,0,104539.28,1
403,15514629,Wilson,593,Spain,Male,30,5,0.0,2,1,0,11234.05,0
404,15811200,Scott,781,Germany,Female,56,10,166448.34,1,1,0,30858.76,1
405,15773417,Miller,447,France,Female,48,3,0.0,2,1,1,118875.31,0
406,15620484,Wright,850,Germany,Male,37,2,194120.97,1,1,0,14517.57,0
407,15597275,Allen,750,France,Female,50,8,243445.3,2,1,1,85413.27,0
408,15933632,Martin,671,France,Female,28,9,78601.95,1,1,1,67640.29,0
409,15638966,Jackson,645,Germany,Female,31,1,27066.57,1,1,0,145726.17,1
410,15546073,Allen,677,France,Female,33,0,92957.66,1,0,0,20559.95,0
411,15545693,Allen,700,France,Male,34,1,188390.67,1,1,1,102858.94,0
412,15682538,Miller,711,Germany,Male,28,6,115146.8,2,1,1,120031.71,0
413,15786487,Jackson,703,Germany,Male,51,9,206269.22,1,0,1,127285.3,1
414,15543095,Martin,659,Spain,Male,36,0,141838.33,2,1,1,86979.96,1
415,15662246,Jackson,631,Spain,Male,43,5,233150.01,2,1,0,67829.88,1
416,15944017,Taylor,636,France,Female,33,6,0.0,2,1,1,139673.68,0
417,15622388,Robinson,631,France,Male,21,8,26633.08,2,1,0,171038.12,1
418,15740787,Lewis,758,France,Male,42,7,119539.23,2,1,1,141787.35,0
419,15703508,Johnson,706,Spain,Male,20,5,156325.37,1,1,1,187099.45,0
420,15614441,Wright,371,Germany,Female,38,2,0.0,1,1,1,146280.07,0
421,15962552,White,712,Germany,Male,25,7,107698.43,2,1,1,155277.56,0
422,15600782,White,668,Germany,Male,59,6,0.0,2,1,1,41901.61,1
423,15758019,Wilson,648,France,Male,48,2,0.0,3,1,0,89712.53,0
424,15739343,King,613,France,Male,40,8,154475.52,1,1,1,102160.51,0
425,15936142,White,757,France,Female,52,1,177387.48,1,1,0,58695.7,0
426,15834734,Brown,740,Spain,Female,31,2,0.0,1,1,1,110422.57,0
427,15932043,Miller,577,France,Male,44,1,129407.04,2,1,0,65250.47,1
428,15608263,Miller,689,Germany,Female,41,0,73139.21,2,1,0,140625.4,1
429,15937991,Adams,558,France,Female,42,3,183852.73,1,1,1,99354.81,0
430,15934417,Lewis,519,France,Female,52,4,0.0,1,1,1,97173.32,0
431,15791517,Jackson,590,France,Male,46,5,224137.1,2,1,0,196892.08,1
432,15789669,Jackson,732,Germany,Male,42,4,113425.92,2,1,1,84564.52,0
433,15889860,Garcia,741,Spain,Male,22,0,57520.73,1,1,1,78836.13,0
434,15866657,King,699,France,Female,29,2,115125.23,2,1,1,70534.83,0
435,15965867,Davis,719,France,Male,38,0,108098.5,2,1,0,180002.35,0
436,15629401,Young,699,Spain,Male,40,10,0.0,2,0,1,104377.53,0
437,15596643,Martin,589,France,Male,28,4,150534.71,2,1,1,124002.75,0
438,15661558,Hall,691,Germany,Female,63,4,0.0,1,1,0,44355.51,1
439,15971820,Garcia,726,Spain,Male,54,10,45946.51,1,1,1,112779.05,1
440,15649712,Anderson,722,France,Female,45,5,25738.98,2,1,1,62183.16,0
441,15859838,Walker,763,France,Female,40,7,0.0,1,1,1,148821.02,0
442,15692527,Clark,717,Germany,Male,37,9,144332.18,2,1,0,168180.39,1
443,15536136,Miller,683,France,Female,29,0,0.0,2,1,0,145814.03,0
444,15955641,Taylor,752,France,Male,40,3,0.0,2,0,1,148746.39,0
445,15556539,Martin,647,Germany,Female,42,9,103134.03,1,1,0,107370.19,0
446,15712736,Thompson,566,Germany,Male,27,10,0.0,1,1,1,145302.43,0
447,15918158,Lewis,635,Germany,Female,42,0,83381.47,2,1,0,90310.52,1
448,15568363,Wilson,579,Germany,Female,37,8,0.0,1,0,0,133782.94,1
449,15689668,Thompson,586,France,Female,20,10,233833.53,2,0,0,59217.45,0
450,15581526,Adams,636,France,Female,30,6,104692.27,2,1,1,23253.83,0
451,15797399,Jones,575,Germany,Male,35,6,200246.22,1,0,0,88559.92,1
452,15693201,Martinez,621,Spain,Female,58,4,76994.59,2,0,1,97737.85,1
453,15978739,Clark,470,France,Female,45,6,165127.63,1,0,1,58717.36,0
454,15618209,Harris,670,Germany,Female,26,1,0.0,1,1,1,148264.81,0
455,15742723,Johnson,650,France,Male,44,3,0.0,3,1,1,23974.59,0
456,15955502,Walker,572,France,Female,24,6,209352.58,3,0,0,52322.18,1
457,15586437,Walker,713,France,Female,50,2,0.0,2,0,0,152227.3,0
458,15647349,Green,739,France,Female,34,1,155793.22,2,1,0,93053.61,1
459,15632715,Baker,497,France,Male,38,9,0.0,2,1,1,144003.89,1
460,15878044,Williams,578,France,Female,52,1,219874.02,1,0,1,117822.32,0
461,15785873,Harris,577,France,Male,26,0,20424.01,1,1,0,190635.42,0
462,15979839,Scott,561,Spain,Female,25,4,0.0,2,1,0,123581.21,1
463,15783962,Davis,729,Spain,Male,33,5,220183.01,1,1,1,12825.11,0
464,15565555,Martin,632,Spain,Female,49,5,0.0,2,1,0,77046.7,1
465,15598979,Garcia,625,Germany,Female,24,8,14234.84,2,1,1,37181.53,0
466,15553629,Smith,460,France,Male,18,3,0.0,2,1,0,185680.4,0
467,15615296,Taylor,710,France,Female,34,0,137097.44,1,1,1,29762.37,0
468,15817582,Lee,532,Germany,Male,45,5,106211.71,1,1,0,83664.27,1
469,15745821,Scott,656,France,Female,51,4,0.0,1,1,0,52958.85,0
470,15771601,Harris,676,Germany,Female,34,9,0.0,2,1,0,170877.18,1
471,15690701,Thompson,779,France,Female,35,5,59869.71,2,1,0,68627.63,0
472,15796066,Wright,526,Germany,Female,51,2,0.0,2,1,0,198459.76,0
473,15903036,Lewis,363,France,Female,20,1,202728.92,2,0,0,17337.16,1
474,15925966,White,667,Germany,Male,35,5,109662.75,1,1,1,34372.59,0
475,15870266,Adams,821,Spain,Male,41,0,0.0,2,0,0,52681.37,0
476,15602020,Miller,768,Germany,Female,43,6,78130.76,2,0,1,164110.15,0
477,15734618,Lee,670,France,Female,34,6,125749.92,1,0,0,176918.27,1
478,15668862,Smith,603,Spain,Female,39,9,182699.01,1,1,1,23575.76,1
479,15850549,Lewis,727,Germany,Female,18,6,96128.49,2,0,1,16167.43,1
480,15878274,Allen,558,Spain,Male,32,10,0.0,2,1,0,151465.8,1
481,15665493,Brown,695,Spain,Female,44,9,0.0,1,1,0,35336.88,0
482,15830182,Williams,698,Spain,Male,29,0,83085.57,2,1,0,35269.73,0
483,15749029,Garcia,751,France,Male,40,3,15966.28,1,1,0,14249.64,0
484,15713273,Green,850,Spain,Male,43,6,0.0,1,1,1,19463.5,0
485,15562325,Baker,687,Spain,Male,36,10,64529.84,2,1,1,60098.34,0
486,15787744,Johnson,602,Germany,Male,41,8,107537.51,2,1,1,22351.04,0
487,15922610,Robinson,648,France,Male,29,4,0.0,2,1,1,80087.03,0
488,15710694,Clark,482,France,Female,37,1,201636.22,1,1,1,168227.26,0
489,15762051,Walker,584,Germany,Male,45,6,0.0,1,1,1,72000.85,0
490,15929387,Lee,611,Germany,Male,41,9,68689.71,1,1,1,148288.49,1
491,15730611,King,600,France,Male,33,0,0.0,1,0,1,27842.89,0
492,15823670,Wilson,664,Spain,Male,41,6,91416.96,1,1,0,135281.29,1
493,15750520,Green,572,France,Male,46,5,0.0,1,1,0,70181.96,1
494,15513149,Allen,756,France,Male,19,6,115280.27,1,1,1,152453.05,0
495,15661466,Martin,650,France,Female,51,9,62385.57,1,1,0,35887.88,0
496,15645468,Miller,649,France,Female,36,2,0.0,2,1,0,180597.84,0
497,15916540,Walker,619,Spain,Female,43,2,13018.67,1,1,0,56089.67,1
498,15678270,Clark,665,France,Male,51,6,46951.18,1,0,0,77096.18,0
499,15975921,Johnson,728,Germany,Male,25,1,0.0,2,0,1,190534.34,1
500,15612168,Allen,568,Germany,Female,32,0,68473.26,1,0,0,119911.65,1
501,15609813,Allen,587,Spain,Male,36,8,0.0,2,1,1,79496.59,0
502,15853923,Martin,621,Spain,Male,31,8,151912.28,1,1,1,190424.41,0
503,15756960,Clark,522,France,Male,56,6,222841.82,1,1,0,72524.71,0
504,15924232,Jackson,572,Germany,Male,30,6,223325.22,1,1,1,28025.44,0
505,15634266,Williams,605,Spain,Male,33,2,0.0,1,1,1,199401.29,1
506,15794542,Anderson,733,France,Male,41,9,18437.68,2,1,0,60890.53,1
507,15766933,Harris,675,Germany,Female,27,1,148016.9,2,1,0,171738.99,0
508,15978911,King,668,Germany,Male,35,10,198780.03,1,1,0,41452.75,1
509,15827111,Lee,731,Germany,Female,42,6,14149.13,1,1,1,148957.25,0
510,15740014,Green,637,Spain,Female,36,8,141924.31,2,0,1,109645.38,0
511,15692206,Harris,687,Spain,Female,38,0,0.0,1,1,0,196372.25,0
512,15761041,Williams,640,France,Female,34,3,0.0,2,1,0,115037.77,1
513,15701958,Smith,675,Germany,Female,24,5,0.0,1,0,0,14752.88,0
514,15860981,Clark,595,Germany,Male,42,6,0.0,3,1,1,124736.82,1
515,15656049,Smith,418,France,Male,57,9,109992.65,1,1,0,37610.13,0
516,15601967,Johnson,637,France,Male,39,6,0.0,1,1,1,161722.77,0
517,15893345,Robinson,785,France,Female,41,9,0.0,2,0,0,172747.96,0
518,15821827,Hall,738,Germany,Female,46,1,0.0,2,1,1,101597.77,0
519,15807475,Anderson,742,Germany,Male,26,3,0.0,2,1,1,158812.08,0
520,15748719,Brown,767,France,Female,56,4,0.0,2,0,1,37571.04,0
521,15796770,Brown,658,Spain,Male,41,0,0.0,2,1,0,103494.86,0
522,15941719,White,669,France,Female,55,0,44283.02,1,0,1,84849.41,0
523,15658621,Young,591,Germany,Male,32,9,193420.38,2,0,0,126150.3,0
524,15512342,Adams,620,Germany,Male,57,2,0.0,1,0,0,18450.67,1
525,15798561,Taylor,708,Germany,Male,47,9,163430.91,2,0,1,152903.34,1
526,15707586,Davis,764,France,Male,45,2,0.0,3,1,1,25034.57,0
527,15683321,Thompson,637,France,Male,41,7,0.0,1,0,1,134729.59,1
528,15814808,Martinez,607,France,Male,37,8,0.0,1,1,0,13506.87,1
529,15996380,Williams,650,France,Female,51,10,114133.13,1,1,1,168058.73,0
530,15738788,Clark,707,Germany,Male,40,0,189423.31,1,1,1,43192.93,1
531,15770977,Clark,513,Germany,Male,19,10,0.0,2,1,1,107944.52,0
532,15822802,Anderson,432,Germany,Female,28,1,0.0,1,1,1,59683.65,0
533,15730099,Hall,598,Germany,Female,37,9,37404.11,1,1,1,147302.97,1
534,15922689,Young,534,Spain,Male,42,1,0.0,2,0,0,71056.71,0
535,15893953,Green,602,Germany,Male,38,3,0.0,2,1,1,147675.75,0
536,15857109,Young,636,Germany,Male,51,1,51810.56,2,1,1,64125.53,0
537,15939863,Lee,607,Germany,Male,19,6,241093.99,2,1,1,152969.89,0
538,15826198,Thompson,788,France,Female,40,8,52139.15,2,0,0,15815.04,0
539,15501299,Williams,681,France,Male,21,6,52613.9,3,1,0,63829.15,0
540,15956497,Thomas,679,France,Male,47,5,0.0,2,1,0,104740.37,1
541,15749240,Allen,709,Germany,Female,38,9,0.0,2,1,1,18561.32,0
542,15828019,Anderson,542,Spain,Male,43,0,25165.19,1,1,1,45346.47,0
543,15663992,Thompson,749,France,Female,30,10,0.0,1,0,0,187562.03,1
544,15948052,Wilson,643,Spain,Male,52,9,154438.32,2,1,1,195598.51,0
545,15673453,Taylor,714,Spain,Female,49,8,25480.18,2,0,1,150552.49,0
546,15876430,Martin,548,France,Male,45,4,243405.4,2,0,1,57918.01,0
547,15978187,Adams,502,France,Female,38,10,0.0,3,1,0,59498.31,1
548,15860874,Lewis,728,Spain,Female,45,4,144350.97,2,0,1,132700.17,0
549,15818442,Williams,686,Spain,Male,32,5,134827.7,2,0,0,32343.93,0
550,15917725,Brown,564,Germany,Female,48,8,156575.63,2,0,1,190178.78,0
551,15757510,Green,567,Spain,Female,55,7,0.0,2,1,0,52714.45,0
552,15621035,White,757,Germany,Female,50,7,0.0,1,1,0,199930.77,0
553,15673167,Jackson,537,Spain,Female,32,7,0.0,1,1,1,104189.42,0
554,15944740,Lewis,806,Spain,Female,43,0,0.0,2,1,0,156571.7,0
555,15871969,Taylor,564,Germany,Male,26,0,0.0,1,0,0,10414.98,1
556,15615637,Allen,711,France,Male,45,7,154817.01,2,1,1,178861.82,1
557,15761046,Harris,619,France,Female,44,4,203626.75,1,1,1,61300.39,0
558,15960125,Robinson,707,France,Male,20,8,0.0,2,1,1,136907.98,0
559,15834762,Davis,598,Germany,Female,27,1,13605.41,2,0,0,163207.5,1
560,15525532,Thompson,635,Spain,Female,36,8,0.0,2,0,0,41188.07,1
561,15608197,Lee,654,Spain,Male,36,7,151154.49,1,1,0,94076.8,0
562,15630860,Baker,555,France,Male,27,8,43187.96,2,1,0,103828.83,0
563,15560285,Clark,720,France,Female,43,3,112269.37,2,1,1,69302.7,0
564,15781010,Adams,601,France,Male,42,0,142557.16,1,1,0,101533.61,0
565,15638665,Jones,628,France,Female,37,0,0.0,2,0,0,70333.67,0
566,15771639,Green,556,Spain,Male,31,4,0.0,1,1,0,78542.07,0
567,15746130,Baker,407,France,Female,49,1,106007.11,1,1,0,137172.92,1
568,15769981,Anderson,632,France,Male,56,7,196801.41,1,0,1,130192.72,0
569,15707780,Martinez,850,Germany,Female,34,9,0.0,2,0,1,54130.49,0
570,15911896,Thomas,725,France,Male,33,10,0.0,2,0,0,180521.75,0
571,15948692,Davis,648,Spain,Female,44,4,145428.04,2,0,0,173929.82,1
572,15758750,Harris,625,Germany,Male,35,4,0.0,1,1,0,106725.83,0
573,15792490,Clark,652,France,Female,38,1,89909.59,1,1,1,92317.64,0
574,15608621,Martinez,702,Spain,Female,46,6,39989.58,3,1,1,81602.64,0
575,15785556,Thomas,538,Germany,Male,20,7,0.0,2,1,0,144380.9,0
576,15981615,Lee,756,Germany,Male,52,9,0.0,2,1,1,137616.55,0
577,15618833,King,718,France,Male,40,0,72350.66,1,1,1,47274.32,0
578,15924020,Jackson,718,Germany,Female,35,1,71118.8,1,0,1,137577.03,0
579,15565206,Martinez,692,France,Female,38,9,249566.81,2,1,1,57961.93,1
580,15510934,Adams,652,France,Male,39,3,0.0,2,1,0,13526.08,0
581,15792867,Young,714,France,Male,22,4,0.0,1,0,0,142849.65,0
582,15890112,Johnson,706,Germany,Male,54,1,33684.45,1,1,0,132510.78,0
583,15913621,Walker,616,France,Female,39,0,149153.28,2,1,1,88053.76,0
584,15649820,Smith,596,France,Male,43,8,0.0,1,1,1,109880.35,0
585,15701838,Walker,660,Spain,Female,49,0,97654.7,2,0,0,189962.15,0
586,15677485,Anderson,797,France,Male,29,3,0.0,1,1,0,123088.03,0
587,15915570,Lewis,532,France,Female,44,1,0.0,1,1,0,134997.95,0
588,15967706,Smith,511,France,Male,36,10,0.0,4,0,0,22143.15,1
589,15884132,Adams,666,France,Male,47,3,239898.9,1,0,0,41538.95,1
590,15981891,Miller,655,France,Female,18,7,207824.32,2,1,1,67180.93,0
591,15741630,Davis,666,France,Female,38,7,145561.94,2,0,0,112482.07,0
592,15910604,Garcia,673,Spain,Female,33,10,53117.67,1,1,0,157552.27,0
593,15998577,Taylor,629,France,Male,43,8,33943.25,1,1,1,71035.77,0
594,15536523,Baker,792,France,Male,44,10,0.0,2,0,0,77712.66,0
595,15863294,Davis,498,Germany,Female,32,4,0.0,1,0,0,58668.67,1
596,15883094,Garcia,571,France,Female,32,6,0.0,1,1,0,58375.77,0
597,15950909,Williams,640,Spain,Male,38,2,0.0,1,0,1,190284.13,0
598,15666804,Thompson,494,France,Male,30,9,23131.4,2,0,1,130736.86,0
599,15541646,Jones,633,France,Male,47,3,138512.94,2,1,0,39621.24,1
600,15652093,Clark,808,France,Female,35,9,234579.82,2,1,1,147227.23,0
601,15724310,Martinez,652,France,Male,18,8,0.0,1,1,0,147184.02,0
602,15742024,Adams,672,France,Male,35,9,0.0,2,0,1,136629.34,1
603,15994275,Baker,530,France,Male,29,9,202036.64,3,1,1,35596.88,0
604,15757476,Smith,591,France,Male,23,0,0.0,2,1,1,87518.38,0
605,15814920,Brown,614,France,Male,27,1,194854.9,2,1,0,30283.7,0
606,15781260,Walker,620,France,Male,40,4,189448.12,2,1,1,165157.9,0
607,15965225,Thomas,772,France,Male,52,2,66184.64,2,0,1,134482.71,0
608,15612858,Clark,703,France,Female,42,1,24382.04,2,1,1,106368.75,0
609,15719343,Taylor,544,Spain,Male,33,0,134223.87,1,1,1,75172.94,0
610,15993213,Adams,673,Spain,Male,44,9,0.0,1,1,0,45007.4,1
611,15576620,Green,697,France,Female,34,2,240927.01,1,1,0,30225.04,0
612,15937987,Wilson,758,Germany,Female,32,0,0.0,1,1,0,194155.72,1
613,15921972,Wilson,800,Spain,Male,27,0,0.0,1,0,0,47933.24,0
614,15582604,Jones,554,France,Male,21,0,103029.91,2,1,1,21376.18,0
615,15594452,Jackson,573,Germany,Male,35,7,87566.62,1,0,1,192716.69,0
616,15896135,Baker,531,Germany,Female,41,2,0.0,2,1,1,114300.83,0
617,15785694,Smith,628,France,Female,38,10,97197.42,2,1,0,161364.78,0
618,15667596,Martin,694,France,Female,35,0,103669.1,1,1,0,18315.51,0
619,15947822,Allen,744,Germany,Female,30,6,35462.03,2,0,1,117719.71,0
620,15699891,Martinez,643,Spain,Female,45,9,170907.2,2,1,0,85659.89,0
621,15570227,Miller,620,France,Male,26,2,0.0,1,1,0,156673.24,0
622,15785356,Anderson,664,France,Male,47,7,150545.0,1,1,1,17300.87,1
623,15802262,Adams,571,France,Female,29,3,0.0,1,0,1,86321.21,0
624,15790746,Harris,849,France,Female,31,3,182607.93,2,1,0,161823.95,0
625,15517540,Lewis,497,Spain,Male,24,4,0.0,1,0,1,109312.48,0
626,15666901,Young,668,France,Female,34,5,133468.58,2,0,1,114507.36,0
627,15687381,Scott,842,France,Male,49,6,0.0,2,0,1,28461.29,0
628,15696475,Baker,651,Spain,Male,44,3,210988.21,1,0,1,35142.81,0
629,15833599,Wilson,632,France,Male,49,7,0.0,2,1,0,138629.93,1
630,15522277,King,616,France,Male,44,5,0.0,1,1,1,138258.86,0
631,15619133,Williams,633,Spain,Female,28,0,106300.62,2,1,0,196029.64,0
632,15952889,Lee,780,Germany,Male,36,0,215218.81,1,0,0,145271.07,0
633,15752196,Lee,440,Spain,Female,31,8,113660.45,2,1,1,103716.26,0
634,15910892,Young,796,Spain,Female,52,9,0.0,1,1,1,172892.29,0
635,15936060,Robinson,515,France,Female,27,5,175557.69,2,0,1,29849.87,0
636,15957924,Jackson,625,France,Male,48,9,154585.87,2,1,1,95366.21,0
637,15771896,Jackson,609,Spain,Male,48,7,0.0,1,1,1,64550.73,0
638,15712620,Martin,706,France,Male,57,6,0.0,2,1,1,29881.18,0
639,15967927,Wright,498,France,Female,35,5,186514.81,1,1,1,155065.4,0
640,15933886,Davis,694,France,Female,46,3,248097.94,2,1,0,107050.49,0
641,15698675,King,842,France,Male,62,6,160995.24,2,0,0,115786.06,1
642,15662550,Brown,520,France,Female,33,8,98870.34,1,1,0,88138.49,0
643,15919655,Lewis,668,France,Male,24,10,64276.38,1,0,0,97464.07,0
644,15927963,Taylor,587,France,Female,20,9,0.0,1,1,1,32043.3,0
645,15747496,Lee,690,France,Male,46,9,205495.65,2,1,1,137854.39,0
646,15887476,Thompson,652,Germany,Female,20,6,66141.48,1,1,1,92165.0,0
647,15923026,Young,589,Spain,Male,35,0,0.0,1,1,1,165185.84,0
648,15780446,Baker,696,Spain,Female,43,9,181632.83,1,1,1,47294.57,0
649,15828380,White,821,Germany,Female,41,8,0.0,1,0,0,48960.47,0
650,15564467,Brown,632,France,Female,43,3,83535.71,3,1,0,132694.32,0
651,15864494,Hall,718,France,Male,41,2,46549.66,1,1,0,170740.65,0
652,15928057,Adams,527,Spain,Male,52,3,0.0,2,1,1,99717.59,0
653,15937929,Taylor,559,Spain,Male,29,3,0.0,2,1,0,148121.24,0
654,15942762,Young,695,Spain,Male,32,9,185881.2,2,0,1,199872.69,0
655,15755908,Lewis,791,France,Male,31,10,0.0,1,0,1,198150.47,0
656,15765192,Martinez,684,France,Female,47,1,88865.04,2,1,0,151424.0,1
657,15749212,Martin,620,France,Female,48,0,78379.18,2,1,0,150521.43,1
658,15926506,Martin,650,France,Male,44,9,124788.08,1,0,1,57047.59,1
659,15558906,Miller,531,Spain,Male,51,0,0.0,1,1,0,168372.53,0
660,15838781,Thomas,707,Spain,Male,27,7,126551.38,1,1,1,86969.4,0
661,15791922,Baker,734,France,Female,56,1,0.0,1,0,1,192778.84,1
662,15658497,Wright,607,Germany,Male,54,9,17149.72,1,1,1,25471.26,1
663,15738117,Wilson,605,Spain,Female,46,4,0.0,2,1,1,92809.67,0
664,15714460,Scott,675,France,Male,57,3,28029.5,1,1,1,115609.69,1
665,15620918,Lewis,609,France,Female,22,7,138558.41,2,1,1,86979.68,0
666,15852180,Garcia,644,France,Female,34,1,215069.22,2,1,0,50010.05,1
667,15951392,Hall,849,France,Male,32,9,11172.27,1,1,1,122667.81,0
668,15905890,Allen,627,France,Female,46,8,0.0,2,0,0,153624.4,0
669,15955618,Garcia,616,France,Male,28,6,0.0,1,0,0,132519.33,0
670,15981947,Hall,588,France,Female,47,6,212076.05,2,1,0,54545.28,1
671,15720979,Young,721,France,Male,53,0,125885.14,1,1,1,149005.51,0
672,15926269,Wright,633,Germany,Female,46,1,0.0,2,0,0,58810.58,0
673,15748505,Martinez,588,France,Female,42,3,132563.92,2,1,0,43288.45,1
674,15511957,Brown,776,Spain,Female,29,3,124491.57,1,0,1,141226.92,0
675,15834788,Scott,785,France,Female,31,10,210375.86,1,1,1,170129.58,1
676,15946832,Baker,593,Germany,Male,51,2,0.0,2,0,1,101492.5,0
677,15875438,Martin,473,France,Male,47,6,0.0,1,1,1,110964.44,0
678,15517829,Johnson,746,France,Male,39,7,0.0,2,1,1,67522.04,0
679,15767981,Johnson,585,Germany,Male,35,1,37696.71,3,0,1,103977.42,0
680,15957357,Anderson,725,Germany,Female,19,3,202369.47,1,1,0,35076.77,0
681,15646104,Williams,463,Germany,Male,28,2,137053.75,1,1,1,191607.86,0
682,15599770,Green,735,France,Female,58,1,125581.39,1,1,1,162068.52,0
683,15526352,Wilson,535,France,Female,26,5,173336.04,1,0,0,136914.88,0
684,15530215,Clark,719,Spain,Female,41,3,216121.98,2,1,0,112256.93,0
685,15949535,Davis,651,Germany,Male,49,5,160929.55,2,0,0,160512.14,1
686,15705714,Jackson,559,Spain,Female,26,1,0.0,1,1,1,104003.88,0
687,15803391,Young,611,Spain,Female,41,3,193664.93,1,1,0,66995.04,0
688,15987518,Robinson,715,France,Male,48,10,95502.75,1,1,1,40471.1,0
689,15629692,Young,660,Germany,Female,39,5,0.0,1,1,1,133041.26,0
690,15674120,Wright,706,France,Female,68,4,0.0,2,0,1,186590.89,1
691,15750186,Green,838,France,Male,22,2,0.0,1,0,1,39187.53,0
692,15997452,Martin,501,France,Male,50,7,226800.64,2,1,0,44203.43,1
693,15706604,Harris,804,Spain,Male,37,6,26725.77,2,0,0,92385.15,0
694,15566714,Thompson,660,France,Male,47,2,23972.2,2,0,0,163310.88,0
695,15797463,Scott,565,France,Male,43,5,232481.0,1,1,1,65845.32,0
696,15619058,King,524,Spain,Male,32,3,0.0,2,0,0,58243.46,0
697,15778169,Harris,632,France,Male,41,10,101103.85,2,1,0,127793.6,1
698,15509780,Williams,738,Spain,Male,20,4,0.0,2,0,0,111766.81,1
699,15784850,Martinez,638,France,Female,45,10,171358.43,1,1,1,21441.87,1
700,15673988,Scott,794,France,Male,42,4,0.0,1,1,0,25483.1,0
701,15575503,Wright,512,Spain,Female,45,6,33729.6,2,1,1,132172.47,0
702,15661928,Lee,649,France,Male,50,10,204923.1,1,0,0,98373.48,0
703,15865310,Miller,531,France,Male,43,4,217845.57,1,1,1,194485.67,0
704,15509179,Garcia,685,France,Male,40,10,0.0,3,1,0,138920.97,1
705,15669695,Walker,734,France,Male,30,2,214122.8,1,1,1,11914.0,0
706,15648659,Wright,610,Germany,Male,32,9,220683.35,1,1,1,101393.57,1
707,15654805,Harris,403,France,Female,51,4,0.0,1,1,0,88745.11,0
708,15757282,Harris,669,Germany,Male,53,6,167482.97,2,0,1,30275.63,1
709,15981522,Clark,691,France,Female,37,4,101736.96,1,1,1,185409.68,0
710,15599423,White,688,Spain,Female,39,4,0.0,2,1,1,162952.15,0
711,15623076,King,767,Germany,Male,30,8,183275.96,1,1,1,53716.32,0
712,15635047,Wright,548,Spain,Male,51,2,0.0,1,0,0,58636.34,0
713,15754477,Williams,715,France,Female,46,5,166978.61,2,1,1,16083.43,0
714,15709527,White,763,France,Male,58,0,0.0,1,1,1,66376.32,0
715,15837282,Scott,481,France,Male,30,9,48141.94,3,0,1,121078.18,0
716,15676535,Hall,680,Germany,Female,35,4,0.0,1,0,1,89960.24,0
717,15992812,Johnson,602,Germany,Male,41,7,116966.03,1,0,0,194158.54,1
718,15673226,Taylor,642,Germany,Female,45,4,21843.9,1,1,1,20655.23,0
719,15706748,White,683,France,Female,37,8,146640.31,1,0,1,122371.73,0
720,15586706,Wilson,604,Spain,Male,30,10,101855.01,4,1,0,173078.79,0
721,15616905,Thompson,586,Germany,Male,48,5,191725.39,2,1,1,101340.77,0
722,15528830,Hall,653,France,Male,46,7,0.0,1,1,1,10562.92,0
723,15872220,Scott,547,France,Male,30,9,0.0,2,1,0,56132.28,0
724,15965342,Williams,547,Spain,Male,53,7,139044.05,2,0,0,71516.11,1
725,15939961,White,715,Spain,Female,51,2,11130.98,1,1,1,193538.95,0
726,15792753,Brown,541,Germany,Male,40,6,0.0,1,1,0,183236.92,0
727,15517401,Martinez,713,France,Male,40,6,79688.37,2,0,0,190342.4,0
728,15920945,Johnson,694,Germany,Female,45,9,0.0,3,0,0,166894.11,1
729,15865624,Clark,486,France,Female,30,5,0.0,4,1,0,76813.07,1
730,15618278,Lee,586,France,Female,39,6,180614.64,2,1,1,182116.52,0
731,15676239,Lewis,763,France,Male,18,1,243607.98,2,1,0,196520.06,1
732,15725253,Martin,557,Germany,Female,48,8,199736.21,1,0,1,76513.55,1
733,15819535,Garcia,606,Spain,Male,23,9,68306.89,1,1,1,59505.63,0
734,15626543,Adams,694,Spain,Male,54,9,228007.66,1,0,1,113914.1,1
735,15891030,Scott,724,France,Male,36,0,32345.72,2,1,0,45558.92,1
736,15594583,Anderson,626,Germany,Female,37,0,0.0,2,1,1,16198.6,0
737,15689243,Smith,593,France,Male,33,2,0.0,2,1,0,189707.92,0
738,15981312,Baker,785,Germany,Male,36,2,163903.77,2,0,0,185890.72,1
739,15637719,Miller,815,France,Male,53,0,109274.7,2,1,1,40904.23,1
740,15914322,Williams,743,France,Male,18,6,80275.09,4,0,1,87470.65,0
741,15768159,Robinson,658,France,Female,52,3,0.0,1,1,1,167896.9,0
742,15783650,Davis,573,France,Female,42,9,0.0,2,1,1,135590.06,1
743,15745221,White,571,Spain,Female,27,1,86570.54,2,0,1,85009.63,0
744,15524067,White,700,Spain,Male,28,9,0.0,1,1,1,151392.49,0
745,15892963,Garcia,690,France,Male,56,4,233938.64,3,1,1,180439.0,0
746,15502056,Smith,783,Germany,Male,30,5,0.0,2,1,0,185970.08,0
747,15990471,Harris,712,France,Male,27,8,0.0,1,1,0,81981.43,0
748,15754770,Scott,507,Spain,Male,50,3,175912.42,1,1,1,42976.53,0
749,15529328,Young,750,Germany,Female,42,1,226679.03,2,1,1,183439.38,0
750,15839856,Williams,555,Spain,Male,30,4,0.0,2,0,0,27585.53,0
751,15552832,Harris,614,France,Male,41,2,0.0,2,1,0,147120.79,0
752,15542771,Hall,674,Germany,Male,29,1,36972.65,1,1,0,36694.49,1
753,15597421,Smith,840,Spain,Male,50,0,0.0,1,1,1,83983.5,0
754,15980021,Thompson,850,France,Male,50,9,148495.37,1,1,1,88195.59,0
755,15677587,Anderson,708,France,Female,44,1,164230.7,1,1,1,40164.0,0
756,15564538,White,633,Germany,Female,43,5,0.0,1,0,1,185309.47,0
757,15961866,Brown,701,Spain,Female,57,7,80203.6,2,0,1,10506.95,0
758,15972194,Taylor,734,Spain,Male,39,2,0.0,1,1,0,179823.62,0
759,15802295,Harris,620,Germany,Male,27,10,100961.4,1,1,0,177927.57,1
760,15632701,Brown,821,Germany,Male,43,8,94858.03,1,1,0,70223.09,0
761,15845607,Anderson,672,France,Male,60,8,41792.55,1,1,1,143814.01,0
762,15596853,Wilson,697,France,Female,29,1,0.0,2,0,0,58033.69,0
763,15589432,Walker,713,France,Male,35,7,132086.07,2,1,1,154166.98,0
764,15790299,Williams,690,Spain,Male,43,9,183069.46,2,1,1,116612.75,1
765,15751529,Walker,730,France,Male,38,10,94645.87,1,1,0,67042.84,0
766,15649360,Baker,591,Spain,Male,29,4,88168.53,1,1,1,86044.6,0
767,15812732,Davis,597,Germany,Female,50,3,0.0,1,1,1,141078.86,0
768,15718023,Anderson,545,Germany,Male,62,9,220577.76,1,1,0,182158.52,0
769,15667157,Williams,692,France,Male,41,4,0.0,2,1,0,34838.04,0
770,15511251,Johnson,724,Germany,Male,30,3,0.0,1,1,1,118559.15,0
771,15602420,Martin,693,France,Male,24,7,98557.03,2,1,0,58208.55,1
772,15656646,Taylor,809,Germany,Female,42,3,0.0,1,1,0,162260.73,1
773,15771767,Martin,649,France,Female,50,9,202528.72,2,1,1,23345.09,0
774,15717544,Garcia,714,France,Female,44,5,93702.7,2,1,1,140901.6,0
775,15816859,Green,546,Germany,Female,39,1,176530.37,2,1,1,43239.74,0
776,15768267,Davis,613,France,Male,33,4,48311.86,2,1,1,123313.23,0
777,15765205,Clark,716,France,Female,28,5,225107.57,3,0,1,168781.59,1
778,15606393,Martinez,731,Spain,Male,47,4,0.0,2,1,0,153465.33,0
779,15754216,Martin,622,Spain,Male,48,1,119350.15,1,1,1,153059.15,0
780,15864179,Martinez,643,Spain,Female,24,6,0.0,1,1,0,108390.61,0
781,15801239,Hall,506,Spain,Male,55,3,0.0,2,1,0,179241.66,1
782,15690690,Walker,616,Spain,Female,45,7,66722.26,2,0,1,121739.99,0
783,15921667,Jackson,735,France,Male,53,6,168724.03,1,0,1,184328.41,0
784,15844041,Walker,705,France,Female,26,6,104079.53,1,0,0,113839.27,0
785,15581443,Lewis,698,France,Female,25,8,0.0,4,1,1,106133.46,0
786,15880149,Green,655,Germany,Female,38,0,175606.2,1,1,1,52247.07,1
787,15796958,Adams,651,Spain,Female,44,9,0.0,1,1,1,113509.46,1
788,15585141,Young,587,France,Female,57,5,93066.04,1,1,0,36711.12,1
789,15991008,Wilson,716,France,Male,46,5,210613.22,2,1,1,175241.14,0
790,15707940,Green,690,Germany,Male,37,5,34306.27,1,0,0,138419.46,0
791,15668904,Johnson,697,France,Male,29,5,0.0,2,0,0,198790.74,0
792,15988228,Johnson,600,Spain,Female,51,9,0.0,1,1,1,27498.51,1
793,15640517,Jones,445,Spain,Male,29,6,0.0,2,1,1,55727.82,0
794,15664562,Baker,754,Spain,Female,55,9,50023.42,2,1,1,176660.13,0
795,15529767,Smith,605,France,Male,36,5,155598.77,1,1,1,85098.28,0
796,15546057,Lee,568,Germany,Male,55,0,0.0,2,1,0,98597.57,0
797,15711818,Brown,716,Germany,Female,46,2,15053.87,1,0,1,173523.86,1
798,15720767,Miller,613,Spain,Male,38,1,18742.11,1,1,0,109146.41,1
799,15966316,Walker,751,Spain,Male,34,5,226610.11,2,1,1,46760.41,0
800,15672115,White,709,Germany,Male,36,7,27593.4,1,1,0,179485.72,0
801,15848899,Robinson,715,Spain,Female,43,2,224603.72,2,0,1,15901.71,0
802,15790090,Adams,520,France,Female,40,9,0.0,1,1,1,180125.29,0
803,15667659,Thomas,765,Spain,Male,33,7,0.0,1,1,1,19598.84,0
804,15765508,White,675,Spain,Male,37,7,0.0,1,0,1,136511.38,0
805,15963070,Wilson,615,France,Male,40,4,216100.49,2,1,1,23619.08,0
806,15687160,Davis,664,Spain,Female,18,7,178109.17,1,0,0,144180.47,0
807,15577015,White,481,Germany,Female,44,5,106435.23,2,1,0,16454.55,1
808,15638470,Smith,689,Germany,Male,29,4,0.0,1,1,1,170066.97,0
809,15895668,Miller,552,France,Male,27,8,185848.04,1,1,0,98529.35,1
810,15849352,Davis,521,France,Male,22,6,0.0,2,1,1,27756.24,0
811,15885352,Thompson,505,Germany,Female,21,7,0.0,2,0,0,144295.69,0
812,15926409,Green,756,Germany,Female,25,0,12260.77,1,0,0,102965.13,1
813,15972617,King,590,France,Male,32,10,204110.31,2,0,1,46280.28,0
814,15525345,Martin,796,Germany,Male,59,1,72255.94,1,0,1,12977.75,1
815,15848039,Clark,599,Germany,Male,34,7,162672.08,2,1,1,89419.67,0
816,15705407,Green,488,Spain,Female,41,8,0.0,2,0,1,26269.55,1
817,15952412,Johnson,544,Spain,Male,43,3,0.0,2,1,1,27892.24,1
818,15654125,Adams,767,France,Female,40,9,0.0,2,1,0,60792.61,0
819,15756624,Young,635,France,Female,38,10,249233.85,1,1,0,129787.08,0
820,15993644,Allen,598,France,Male,27,9,46884.19,2,1,1,110683.02,0
821,15629022,Adams,665,Germany,Male,54,8,217111.37,2,1,1,23107.59,1
822,15976436,Walker,698,France,Male,57,3,73845.13,1,1,1,194001.94,1
823,15898231,Thompson,756,France,Female,22,9,0.0,1,0,1,178562.05,0
824,15728273,Garcia,788,France,Female,29,9,0.0,2,1,0,59252.84,0
825,15901873,Hall,616,Spain,Female,36,9,14317.15,2,1,0,33244.33,0
826,15813260,Martin,524,Germany,Male,29,8,0.0,1,1,1,189056.54,1
827,15653023,Williams,611,France,Male,44,10,28798.49,2,1,0,97616.94,0
828,15859743,Brown,675,France,Female,32,6,175172.54,2,1,0,69121.72,0
829,15729351,Jackson,558,Spain,Female,61,1,198401.64,1,1,0,103168.03,0
830,15788665,Jones,559,France,Male,51,8,0.0,1,1,0,156821.39,0
831,15816575,Garcia,683,France,Female,41,3,0.0,2,1,1,41993.21,0
832,15772875,Baker,645,France,Female,49,7,117416.79,1,1,1,155824.21,1
833,15649816,Miller,653,France,Female,50,6,209062.93,1,1,1,152394.89,0
834,15825238,Anderson,578,France,Female,33,6,0.0,2,0,1,112476.16,0
835,15780567,Lee,628,France,Female,31,7,122259.68,2,1,0,174510.03,0
836,15876756,Martinez,562,France,Female,40,0,75470.53,2,1,1,35107.24,0
837,15910784,King,735,Germany,Male,48,4,121252.34,2,0,0,123141.01,1
838,15940627,Anderson,748,France,Male,40,1,0.0,1,1,0,95375.18,0
839,15503934,Miller,475,Spain,Female,23,1,119229.82,1,1,0,90235.5,0
840,15576945,Hall,562,Spain,Male,31,0,0.0,2,1,1,57986.6,0
841,15751554,Miller,508,France,Male,38,4,0.0,1,0,1,80733.13,1
842,15892587,Clark,588,Spain,Male,38,1,120428.12,2,1,1,30548.64,0
843,15596946,Martin,642,France,Male,59,3,13641.81,1,1,1,57803.8,1
844,15596344,Brown,512,Germany,Female,25,2,78098.92,1,1,0,61673.37,1
845,15639244,Allen,562,France,Female,44,2,114779.61,1,1,1,146926.89,1
846,15527358,Thompson,555,France,Male,54,1,162111.27,2,1,1,19224.58,1
847,15697385,Lee,670,France,Male,62,5,118012.46,1,0,0,133726.54,1
848,15629774,Hall,657,Germany,Male,35,1,91076.09,1,1,0,52067.88,0
849,15781907,Wilson,581,Spain,Female,44,7,103143.7,1,0,1,25553.69,0
850,15941889,Davis,667,Spain,Female,45,7,68150.4,2,1,1,67153.17,0
851,15993938,Robinson,598,France,Male,41,4,231878.63,1,1,1,52649.85,0
852,15989922,Young,624,Spain,Female,38,9,135218.37,1,1,1,114886.15,0
853,15585997,Garcia,809,France,Female,43,6,0.0,1,0,1,77901.52,1
854,15741830,Lewis,777,Germany,Female,18,3,14667.1,2,1,0,193538.81,0
855,15830119,Adams,527,France,Female,46,0,0.0,1,0,0,193074.42,1
856,15638876,White,729,France,Male,40,10,63148.21,1,1,0,94305.9,0
857,15940810,Martin,727,France,Female,37,1,0.0,1,1,0,161066.62,0
858,15709820,Young,541,France,Male,59,9,23986.07,2,1,1,12521.02,0
859,15587189,Young,728,Spain,Female,32,9,231079.06,2,1,1,114084.2,0
860,15587507,Baker,796,France,Female,35,3,0.0,2,0,1,151226.84,0
861,15829669,Johnson,543,Germany,Female,59,0,0.0,2,1,0,51219.21,1
862,15966620,Wright,563,France,Female,31,7,0.0,3,1,1,21622.63,1
863,15599248,Anderson,747,Spain,Male,33,8,71874.61,1,1,0,39624.6,0
864,15524604,White,676,France,Male,38,3,0.0,2,1,0,93951.14,0
865,15878729,Martinez,702,France,Female,47,9,0.0,2,1,1,106210.57,0
866,15915351,Green,682,Spain,Female,41,2,0.0,2,1,1,82368.17,0
867,15989296,Walker,687,France,Male,26,1,17907.49,1,1,0,93595.02,0
868,15668990,Thomas,524,France,Male,34,4,0.0,2,1,0,99344.64,1
869,15629716,White,749,Germany,Male,33,2,135797.12,1,1,1,156192.97,1
870,15681921,Robinson,761,Germany,Female,38,9,0.0,2,1,0,29995.96,0
871,15661919,Scott,628,France,Female,43,6,19114.23,1,0,0,156100.59,1
872,15936990,Hall,646,France,Male,43,10,0.0,1,1,1,140839.19,0
873,15953925,Allen,505,Spain,Male,21,5,125676.68,1,0,0,150915.55,0
874,15510680,Green,699,France,Female,50,0,0.0,1,0,0,149548.99,0
875,15613508,Scott,704,France,Female,42,7,118555.37,2,1,1,99412.45,0
876,15595619,Hall,644,France,Male,53,1,20360.87,1,1,1,50166.04,0
877,15555037,Lee,757,Spain,Female,43,4,84304.18,1,0,1,111959.49,0
878,15599969,Jones,618,Spain,Male,50,8,86826.43,2,1,0,192016.59,1
879,15611115,Williams,704,France,Male,44,7,211204.7,1,1,0,121819.88,1
880,15558914,Robinson,553,France,Female,52,1,167015.19,2,1,0,12098.96,0
881,15657381,Walker,648,France,Female,44,8,76103.18,1,1,0,21345.07,1
882,15607255,White,633,Spain,Female,38,4,0.0,1,1,1,198644.05,0
883,15510349,Jones,671,France,Female,62,9,87170.04,2,1,1,23669.81,1
884,15968295,Jackson,615,France,Female,48,5,249576.17,2,0,1,18748.58,1
885,15954036,Harris,638,Germany,Male,45,2,0.0,1,0,0,77074.61,1
886,15706068,Miller,728,France,Male,26,2,0.0,3,0,0,194170.27,0
887,15927769,Green,609,Spain,Male,26,9,0.0,2,1,1,70548.28,0
888,15528525,Lee,497,France,Male,42,7,126650.61,3,1,0,87877.98,1
889,15768092,Taylor,816,France,Female,40,10,0.0,1,1,1,130474.64,0
890,15514498,Garcia,781,France,Female,33,9,0.0,1,1,1,14581.25,0
891,15912207,Wilson,527,Spain,Male,40,9,0.0,2,1,1,180575.08,0
892,15721582,Young,716,Germany,Male,55,1,183757.4,2,0,0,108694.17,0
893,15994150,White,602,Germany,Female,46,10,60890.76,1,1,1,98694.07,0
894,15559790,Scott,675,France,Male,28,1,0.0,2,1,0,173538.07,0
895,15900876,Jones,678,Spain,Female,38,4,0.0,1,0,0,191084.55,0
896,15526245,Scott,628,France,Female,31,5,0.0,1,0,1,90450.79,0
897,15631310,Lee,576,France,Female,35,1,199042.44,1,1,0,42763.81,1
898,15913136,Lee,584,Germany,Male,35,4,84648.8,2,1,1,164984.76,0
899,15546659,Garcia,563,France,Male,34,6,88454.38,1,1,1,86619.48,0
900,15888127,Williams,571,France,Female,26,9,0.0,2,1,1,187753.65,0
901,15574874,Wright,644,France,Female,38,9,178242.7,2,1,1,190480.81,0
902,15804661,Miller,582,France,Male,33,7,37184.74,2,0,0,31817.52,0
903,15626618,Harris,715,France,Female,18,6,0.0,3,1,1,191745.25,0
904,15575885,Martin,791,Spain,Male,60,7,0.0,2,1,1,79971.36,0
905,15546350,Harris,595,France,Female,50,8,198227.16,3,1,1,132787.98,1
906,15839323,Thomas,673,Germany,Male,35,4,150142.37,1,1,0,16602.52,1
907,15754251,Thomas,697,Germany,Female,39,4,29783.99,1,1,1,178888.01,0
908,15921490,Taylor,695,France,Male,27,10,193756.56,1,1,0,131903.49,0
909,15807157,Miller,657,France,Male,56,9,26751.88,1,1,1,132275.35,0
910,15737275,Adams,721,France,Male,58,3,0.0,2,1,0,181413.47,0
911,15539913,Martin,696,Spain,Male,41,8,51363.81,1,1,1,106585.96,0
912,15735237,Jackson,532,France,Female,49,4,190560.44,2,0,0,87998.16,0
913,15807963,Scott,733,Spain,Female,41,1,0.0,2,1,0,174564.46,0
914,15582168,Miller,734,France,Male,26,9,142990.28,2,1,0,151059.9,0
915,15854824,Smith,577,Spain,Male,35,7,0.0,1,1,0,190305.38,1
916,15971073,Allen,654,France,Female,40,6,0.0,2,0,0,188623.16,0
917,15995843,Thompson,715,France,Female,34,7,11218.92,1,1,1,82641.97,0
918,15856936,Clark,630,Germany,Female,37,2,230262.07,1,1,1,94927.4,1
919,15695982,Martin,752,Germany,Male,38,3,57387.72,2,1,1,58637.14,1
920,15654557,Johnson,850,France,Male,38,4,0.0,2,1,1,135523.1,0
921,15896076,Garcia,575,Germany,Female,40,5,186700.95,1,1,0,79262.97,0
922,15549875,Williams,519,France,Male,28,0,195820.28,2,1,0,159359.12,1
923,15645991,Williams,679,Germany,Female,32,3,167488.72,1,1,0,33094.64,0
924,15992089,Jones,719,Germany,Male,26,10,123199.16,1,1,1,32116.54,0
925,15836091,Garcia,628,France,Female,49,9,147190.65,1,0,1,48846.52,0
926,15509586,Walker,788,France,Male,18,4,0.0,2,0,0,26015.52,0
927,15551986,Scott,523,France,Female,51,6,159750.28,2,1,0,127806.01,1
928,15851992,Garcia,716,Spain,Male,53,4,0.0,1,1,1,37997.03,1
929,15785199,Clark,592,Spain,Female,36,0,0.0,1,1,1,40392.95,0
930,15928106,Miller,813,France,Male,18,10,131357.53,2,0,1,12703.36,0
931,15956297,Baker,839,France,Female,35,6,28514.65,1,1,1,158597.1,0
932,15528807,Smith,577,Germany,Female,38,7,0.0,1,1,1,164336.25,0
933,15716992,Davis,598,Germany,Female,29,6,167351.06,2,0,0,40784.26,1
934,15809321,Young,732,Spain,Female,34,10,0.0,1,1,0,150509.64,0
935,15987677,Martin,613,France,Female,54,3,77326.68,2,1,1,92373.57,1
936,15568625,Davis,646,France,Female,46,7,206912.56,1,1,1,55523.03,0
937,15907458,Robinson,652,France,Male,30,4,150236.74,2,1,1,128063.08,0
938,15818461,Clark,468,Germany,Female,23,9,0.0,1,1,0,43911.97,1
939,15933194,Lee,649,France,Male,36,8,86428.47,2,0,0,153807.89,0
940,15778577,Green,584,Spain,Male,37,9,185422.73,1,1,0,19046.89,0
941,15533282,Thomas,603,France,Male,44,4,79052.42,2,0,0,192234.88,0
942,15576519,Walker,787,Spain,Male,34,0,186895.24,2,1,0,23656.3,0
943,15740346,Harris,531,Spain,Female,44,8,26824.36,1,0,1,120095.2,0
944,15805722,White,727,Germany,Female,58,4,0.0,1,1,1,181416.92,0
945,15630843,Clark,623,France,Female,47,5,129895.95,2,1,0,12261.85,1
946,15608333,Young,623,France,Male,39,3,115241.92,2,0,1,104717.75,0
947,15963423,King,725,France,Male,37,5,0.0,1,1,0,76501.32,0
948,15655205,Allen,682,Germany,Male,35,7,159806.1,1,0,1,120263.12,0
949,15550317,Taylor,704,Germany,Male,51,2,0.0,2,1,0,52836.9,1
950,15627878,Taylor,742,Spain,Male,33,4,191496.06,1,1,0,22330.85,0
951,15608745,Thompson,619,Spain,Male,39,1,76222.79,3,0,1,128927.28,1
952,15891374,Jackson,592,Spain,Male,40,1,0.0,2,0,0,89201.36,1
953,15565950,Anderson,547,France,Female,34,6,206284.16,2,1,0,128272.25,1
954,15559612,Miller,572,Germany,Female,25,9,0.0,1,0,0,50002.44,1
955,15564873,Martinez,850,France,Female,42,9,203857.43,1,1,0,74360.84,0
956,15744469,Johnson,768,France,Female,38,10,0.0,2,1,0,116719.46,0
957,15615792,King,522,Spain,Female,44,9,34227.44,2,1,1,122691.43,0
958,15717850,Clark,524,France,Male,34,5,0.0,3,1,1,80739.81,0
959,15693074,Taylor,696,France,Female,51,3,166624.48,1,1,1,63210.11,0
960,15945724,Robinson,702,Spain,Female,30,4,119463.89,1,1,0,62003.12,0
961,15993936,Miller,702,France,Male,56,0,0.0,1,0,0,43192.88,0
962,15669451,Johnson,626,Spain,Male,22,6,87929.28,2,0,0,71826.94,0
963,15886958,Martin,638,France,Female,43,7,245547.42,1,0,0,47893.66,0
964,15515231,Garcia,681,France,Male,44,8,42339.34,1,0,1,130424.93,0
965,15849529,Thompson,658,France,Female,31,7,0.0,1,0,0,118122.73,0
966,15541163,Wright,439,France,Female,43,4,126519.43,1,1,1,82691.88,0
967,15884024,Lewis,628,Spain,Male,52,2,0.0,4,1,0,71907.7,0
968,15924892,Wilson,569,France,Male,18,9,0.0,2,1,0,55146.7,0
969,15849736,Anderson,667,Spain,Male,44,10,52188.12,1,0,0,111737.08,0
970,15868708,Anderson,850,France,Male,18,8,0.0,1,1,0,184591.53,0
971,15754467,Martinez,685,Spain,Male,29,5,0.0,1,1,0,140283.58,1
972,15978699,Anderson,620,Germany,Female,55,4,0.0,1,1,0,151438.8,0
973,15555535,Taylor,738,Spain,Male,33,2,0.0,1,1,0,168531.79,0
974,15873096,Wright,696,France,Male,27,5,0.0,2,1,1,76810.64,0
975,15984792,Hall,690,France,Male,37,2,191811.61,1,1,1,21946.4,1
976,15677182,Robinson,708,France,Female,60,9,0.0,1,1,0,128286.17,0
977,15678050,Smith,845,Spain,Male,21,5,222787.72,1,0,0,45847.74,0
978,15721890,Brown,543,France,Male,28,3,0.0,2,1,1,118118.29,0
979,15984953,Hall,695,France,Female,54,1,63894.27,2,1,1,150506.94,0
980,15703441,Williams,562,Spain,Female,58,7,0.0,2,0,1,158891.28,0
981,15897968,Anderson,703,France,Male,38,3,73621.4,2,1,0,67349.43,0
982,15524507,Jackson,563,Germany,Female,27,8,186234.4,2,1,1,107362.31,0
983,15978921,Martinez,610,France,Male,60,6,0.0,1,1,1,127983.37,0
984,15624225,Walker,622,France,Male,55,1,219997.05,2,0,0,165701.34,1
985,15754295,Clark,743,Spain,Male,46,3,29857.19,1,1,1,154663.85,0
986,15610282,Miller,737,France,Male,31,4,0.0,1,1,0,197715.31,0
987,15934711,Lewis,532,Spain,Female,39,2,80403.67,2,1,1,11536.09,0
988,15721538,Johnson,655,France,Male,37,8,127766.64,1,0,1,93122.99,0
989,15691958,Anderson,583,France,Male,42,4,115266.74,2,1,1,58648.45,0
990,15832703,Johnson,530,Germany,Female,54,1,0.0,1,1,1,32779.74,0
991,15500982,Green,629,Germany,Female,48,10,110879.99,2,1,0,183187.91,0
992,15710913,Taylor,621,Spain,Male,28,2,236452.75,2,0,1,199612.79,0
993,15629128,King,850,France,Female,53,8,226608.13,3,1,1,44313.28,1
994,15909362,Anderson,691,Spain,Male,42,6,219318.68,2,1,1,17302.34,0
995,15747105,Johnson,519,France,Female,46,1,0.0,2,0,1,62260.35,0
996,15685915,Wilson,596,France,Female,54,8,215021.93,2,1,1,168623.76,0
997,15751762,Hall,747,Germany,Female,28,3,0.0,1,1,1,65839.12,0
998,15576737,Garcia,848,France,Male,39,8,0.0,1,1,1,20811.28,0
999,15582446,Garcia,499,Germany,Male,34,1,35779.44,2,1,1,19973.51,1
1000,15588567,Scott,471,France,Male,23,9,34279.31,3,0,0,91210.33,0
